"1","2","Дизайн Паркет","Design Parquet"
"2","2","Austriawood & Co","A Wood GmbH"
"3","2","Болефлор","Bolefloor B.V."
"4","2","Deisl Parkettmanufaktur","Manfred Deisl GmbH"
"5","2","Солидфлор","Fetim Group"
"6","2","Флексфлорс","Fetim Group"
"7","2","Клинфлор","Fetim Group"
"8","2","Марайнер Хольц","Mareiner Holz GmbH"
"9","2","Адмонтер","STIA Holzindustrie GmbH"
"10","2","Mountain Floor","STIA Holzindustrie GmbH"
"11","2","Oldenburger Parkettwerk","Oldenburger Parkettwerk"
"12","2","Гранорте","Granorte"
"13","2","Экстерпарк","YVYRA"
"14","2","Болон","Bolon AB"
"15","2","Fairholz","Fairholz GmbH"
"16","2","Шобер","Markus Schober Innenausbau & Bodendielen GmbH"
